Ligand_ID,Smiles,Target,Subchallenge,kd(uM)
ABL1_WT-D3RKN_45,CCOC(=O)N1CCC(CC1)n1cnc(c1-c1ccnc(N)n1)-c1ccc(F)cc1,ABL1-nonphosphorylated,Kinase_Mutants,4.8
ABL1_F317I-D3RKN_45,CCOC(=O)N1CCC(CC1)n1cnc(c1-c1ccnc(N)n1)-c1ccc(F)cc1,ABL1(F317I)-nonphosphorylated,Kinase_Mutants,10
ABL1_F317L-D3RKN_45,CCOC(=O)N1CCC(CC1)n1cnc(c1-c1ccnc(N)n1)-c1ccc(F)cc1,ABL1(F317L)-nonphosphorylated,Kinase_Mutants,10
ABL1_H396P-D3RKN_45,CCOC(=O)N1CCC(CC1)n1cnc(c1-c1ccnc(N)n1)-c1ccc(F)cc1,ABL1(H396P)-nonphosphorylated,Kinase_Mutants,2.2
ABL1_Q252H-D3RKN_45,CCOC(=O)N1CCC(CC1)n1cnc(c1-c1ccnc(N)n1)-c1ccc(F)cc1,ABL1(Q252H)-nonphosphorylated,Kinase_Mutants,5.4
ABL1_T315I-D3RKN_45,CCOC(=O)N1CCC(CC1)n1cnc(c1-c1ccnc(N)n1)-c1ccc(F)cc1,ABL1(T315I)-nonphosphorylated,Kinase_Mutants,10
ABL1_WT-D3RKN_98,CC(C)c1nc(c(s1)-c1ccnc(Nc2ccc(nc2)N2CCN(CC2)C(C)=O)n1)-c1cccc(NS(=O)(=O)c2cccc(Cl)c2)c1,ABL1-nonphosphorylated,Kinase_Mutants,0.049
ABL1_F317I-D3RKN_98,CC(C)c1nc(c(s1)-c1ccnc(Nc2ccc(nc2)N2CCN(CC2)C(C)=O)n1)-c1cccc(NS(=O)(=O)c2cccc(Cl)c2)c1,ABL1(F317I)-nonphosphorylated,Kinase_Mutants,3.7
ABL1_F317L-D3RKN_98,CC(C)c1nc(c(s1)-c1ccnc(Nc2ccc(nc2)N2CCN(CC2)C(C)=O)n1)-c1cccc(NS(=O)(=O)c2cccc(Cl)c2)c1,ABL1(F317L)-nonphosphorylated,Kinase_Mutants,1.9
ABL1_H396P-D3RKN_98,CC(C)c1nc(c(s1)-c1ccnc(Nc2ccc(nc2)N2CCN(CC2)C(C)=O)n1)-c1cccc(NS(=O)(=O)c2cccc(Cl)c2)c1,ABL1(H396P)-nonphosphorylated,Kinase_Mutants,0.095
ABL1_Q252H-D3RKN_98,CC(C)c1nc(c(s1)-c1ccnc(Nc2ccc(nc2)N2CCN(CC2)C(C)=O)n1)-c1cccc(NS(=O)(=O)c2cccc(Cl)c2)c1,ABL1(Q252H)-nonphosphorylated,Kinase_Mutants,0.055
ABL1_T315I-D3RKN_98,CC(C)c1nc(c(s1)-c1ccnc(Nc2ccc(nc2)N2CCN(CC2)C(C)=O)n1)-c1cccc(NS(=O)(=O)c2cccc(Cl)c2)c1,ABL1(T315I)-nonphosphorylated,Kinase_Mutants,1.7